NumSAAQ,Nom,Prenom,Adresse,Telephone,Date,DateFin
100000001,Dupont,Marie,450 Boulevard Saint-Laurent Montreal,514-555-1000,29-01-2026,06-03-2026
100000002,Tremblay,Jean,12 Rue Sherbrooke Montreal,514-555-1001,12-03-2026,
100000003,Gagnon,Sophie,88 Avenue du Parc Montreal,514-555-1002,04-03-2026,
100000004,Roy,Luc,215 Rue Principale Laval,514-555-1003,27-02-2026,15-04-2026
100000005,Bouchard,Isabelle,34 Rue King Sherbrooke,514-555-1004,27-01-2026,
100000006,Gauthier,Marc,77 Rue Saint-Jean Quebec,514-555-1005,20-05-2026,
100000007,Morin,Julie,560 Rue Notre-Dame Montreal,514-555-1006,23-01-2026,23-07-2026
100000008,Lavoie,David,19 Avenue Bernard Outremont,514-555-1007,19-04-2026,
100000009,Fortin,Nathalie,301 Rue Saint-Denis Montreal,514-555-1008,09-01-2026,
100000010,Bergeron,Eric,142 Rue de la Gare Longueuil,514-555-1009,08-01-2026,02-03-2026
100000011,Levesque,Chantal,9 Rue des Erables Gatineau,514-555-1010,25-02-2026,
100000012,Boucher,Simon,603 Boulevard Rene-Levesque Montreal,514-555-1011,01-03-2026,
100000013,Cote,Karine,27 Rue Wellington Sherbrooke,514-555-1012,10-05-2026,17-07-2026
100000014,Pelletier,Patrick,88 Rue Fabre Montreal,514-555-1013,07-01-2026,
100000015,Belanger,Melanie,410 Rue Saint-Jacques Montreal,514-555-1014,24-05-2026,
100000016,Fournier,Francois,56 Avenue Papineau Montreal,514-555-1015,20-02-2026,07-07-2026
100000017,Girard,Genevieve,173 Rue Ontario Montreal,514-555-1016,26-02-2026,
100000018,Simard,Alexandre,8 Rue Victoria Longueuil,514-555-1017,25-04-2026,
100000020,Menard,Serge,3668 rue de l'Enfer,514-777-3678,30-07-2026,
